mas-product-waterproofing-dr-fixit|fC2wOge4hPkT.jpeg
mas-product-waterproofing-fosroc|SreQOBvLhICC.jpg
mas-product-waterproofing-sika|SQXhGRH4LOHQ.jpg
mas-product-adhesives-fevicol|DXUrDsmdsPFG.jpg
mas-product-adhesives-araldite|LCSGDF522UWk.jpg
mas-product-fasteners-ms-nails|49lAmaRMp1mD.jpg
mas-product-fasteners-ms-bolt-nuts|g1L1pV8dYcO8.jpg
mas-product-fasteners-anchor-bolts|0yjDUJRjdVAt.jpg
mas-product-fasteners-foundation-bolts|jZ5n8u1cI9se.jpg
mas-product-abrasives-cutting-wheels|eRsnwnre2wLv.jpg
mas-product-abrasives-grinding-wheel|DuIp430iXCnF.webp
mas-product-abrasives-polishing-wheels|WgXwA4RX28DS.jpg
mas-product-abrasives-flap-disc|Hn0curJ2uG3w.jpg
mas-product-wheels-wheel-barrow-wheels|1vBe51wTMXSR.jpg
mas-product-wheels-fast-food-vehicle-wheels|y0IOzGz7wpLJ.jpg
mas-product-wheels-desk-wheels|Qlm8lqXcU972.jpg
mas-product-power-tools-drill-machines|18hPZwETvcLM.jpg
mas-product-power-tools-cut-off-machines|9KKBjHZld3fV.jpg
mas-product-power-tools-angle-grinder-machines|x7CuwcDVNrdS.jpg
mas-product-power-tools-tiles-cutter|AkkiqvPnt3ox.jpg
mas-product-measurement-measurement-tapes|bKZtfjZxX6dv.jpg
mas-product-gate-hinges|xX59Dh1uC5AF.jpg
mas-product-gate-sheet-metals|bYCdRKJWky2N.jpeg
mas-product-gate-tower-bolts|tPeyyZkuhAMa.png
mas-product-gate-aldrops|rQ4F7QqUh5Il.jpg
mas-product-ms-plates-all-sizes-available|QfLgKFUXVq8r.jpg
mas-product-hand-tools-hammer|KRTdbWxqKxaQ.jpg
mas-product-hand-tools-screw-drivers|cKHnAB9kO2jS.jpg
mas-product-hand-tools-cutting-pliers|fvJ98s0Przk6.jpg
mas-product-hand-tools-adjustable-wrench|gKLhw6AR35Ap.jpg
mas-product-gas-welding-oxygen-regulator|0iY045S7N8eI.jpg
mas-product-gas-welding-lpg-regulator|ajfhIy0f9Tab.jpg
mas-product-gas-welding-gas-cutting-torch|YbOvctMy8fNF.jpg
mas-product-gas-welding-flash-back-arrestors|2eCUqvJ3RcHL.jpg
mas-product-bits-star-bits|lDKwnqH6dfxv.jpg
mas-product-bits-concrete-drill-bits|ZwaGRzYEfhjA.jpg
mas-product-bits-granite-core-bits|rOdcivc1mFTy.jpg
mas-product-bits-steel-hole-bits|9Nfh0lp9PWFq.jpg
mas-product-ropes-heavy-duty-yellow-ropes|gqkG0EkDApHl.jpg
mas-product-ropes-tie-ropes|PPIciGGKap3l.jpg
mas-product-ropes-cable-tags|zOeBA9enRL0O.jpg
mas-product-ropes-lifting-ropes|KxWs4D2hhbRJ.jpg
mas-product-construction-masonry-trowel-karni|ymZgDrOgfVVO.jpg
mas-product-construction-wheel-barrows|v5PcMZQXaDlq.jpg
mas-product-construction-spirit-level|awoZ82GAKgAG.jpg
mas-product-construction-man-hole-covers|UvwhIqvOngPh.jpg
mas-product-disinfectant-termiguard-liquid|OV291iHMpaVI.jpeg
mas-product-disinfectant-termiguard-spray|6Rl6SNTbUkan.jpeg
mas-product-rust-wd-40|MPkNuEDJssAu.jpeg
mas-product-rust-g1|tmYxGsWSij0k.jpg
mas-product-electrodes-welding-electrodes|q7x3mmg3iV72.jpg
mas-product-electrodes-brass-electrodes|amYxlLk0z0pH.jpg
mas-product-electrodes-ms-welding-electrodes|cddh4iajMkTC.jpg
mas-product-paint-red-oxide|65NtbYquEeXx.jpg
mas-product-paint-yellow-primer|L8wyk0XW1rZe.jpg
mas-product-paint-grey-primer|3OOBl2NbO20i.jpeg
mas-product-paint-spray-paint|x1JIWbNwIhYY.jpg
mas-product-brushes-paint-brush|TWEC0j9uIJDt.png
mas-product-brushes-paint-roller|7A15vlQjCfRT.jpg
mas-product-locks-beehive-beerow-locks|GLttB1v7AZ80.jpg
mas-product-locks-gate-locks|xwBHXdEq6qPp.jpg
mas-product-locks-shutter-locks|O9mZUA11OsUC.jpg
mas-product-locks-venus-padlock-67mm|venus-padlock-67mm-online-reference_4fa36998.webp
mas-product-construction-blue-plastic-sheet-roll|blue-poly-sheet-roll-online-reference_bb6be6e5.jpg
